<?xml version="1.0" encoding="UTF-8"?>
<project xmlns="http://maven.apache.org/POM/4.0.0" xmlns:xsi="http://www.w3.org/2001/XMLSchema-instance" xsi:schemaLocation="http://maven.apache.org/POM/4.0.0 http://maven.apache.org/maven-v4_0_0.xsd">
  <modelVersion>4.0.0</modelVersion>
  <groupId>edu.stevens.cs549.dht</groupId>
  <artifactId>dht-grpc</artifactId>
  <name>DHT GRPC</name>
  <version>0.0.1-SNAPSHOT</version>
  <description>Implements a DHT node using gRPC.</description>
  <build>
    <extensions>
      <extension>
        <groupId>kr.motd.maven</groupId>
        <artifactId>os-maven-plugin</artifactId>
        <version>1.7.1</version>
      </extension>
    </extensions>
    <resources>
      <resource>
        <filtering>true</filtering>
        <directory>src/main/resources</directory>
      </resource>
    </resources>
    <plugins>
      <plugin>
        <groupId>org.xolstice.maven.plugins</groupId>
        <artifactId>protobuf-maven-plugin</artifactId>
        <version>0.6.1</version>
        <executions>
          <execution>
            <id>protobuf-compile</id>
            <phase>process-resources</phase>
            <goals>
              <goal>compile</goal>
            </goals>
          </execution>
          <execution>
            <id>protobuf-compile-custom</id>
            <phase>process-resources</phase>
            <goals>
              <goal>compile-custom</goal>
            </goals>
          </execution>
        </executions>
        <configuration>
          <protocArtifact>com.google.protobuf:protoc:${protoc.version}:exe:${os.detected.classifier}</protocArtifact>
          <pluginId>grpc-java</pluginId>
          <pluginArtifact>io.grpc:protoc-gen-grpc-java:${grpc.version}:exe:${os.detected.classifier}</pluginArtifact>
        </configuration>
      </plugin>
      <plugin>
        <artifactId>maven-enforcer-plugin</artifactId>
        <version>1.4.1</version>
        <executions>
          <execution>
            <id>enforce</id>
            <goals>
              <goal>enforce</goal>
            </goals>
            <configuration>
              <rules>
                <requireUpperBoundDeps />
              </rules>
            </configuration>
          </execution>
        </executions>
      </plugin>
      <plugin>
        <artifactId>maven-shade-plugin</artifactId>
        <version>3.6.1</version>
        <executions>
          <execution>
            <phase>package</phase>
            <goals>
              <goal>shade</goal>
            </goals>
            <configuration>
              <transformers />
            </configuration>
          </execution>
        </executions>
        <configuration>
          <transformers>
            <transformer>
              <manifestEntries>
                <Main-Class>edu.stevens.cs549.dht.main.App</Main-Class>
                <Build-Number>1</Build-Number>
              </manifestEntries>
            </transformer>
            <transformer />
          </transformers>
        </configuration>
      </plugin>
      <plugin>
        <artifactId>maven-compiler-plugin</artifactId>
        <version>3.8.1</version>
        <configuration>
          <source>21</source>
          <target>21</target>
        </configuration>
      </plugin>
      <plugin>
        <artifactId>maven-antrun-plugin</artifactId>
        <version>3.1.0</version>
        <executions>
          <execution>
            <phase>package</phase>
            <goals>
              <goal>run</goal>
            </goals>
            <configuration>
              <target>
                <delete />
                <copy />
              </target>
            </configuration>
          </execution>
        </executions>
      </plugin>
    </plugins>
  </build>
  <dependencies>
    <dependency>
      <groupId>org.apache.tomcat</groupId>
      <artifactId>annotations-api</artifactId>
      <version>6.0.53</version>
      <scope>provided</scope>
    </dependency>
    <dependency>
      <groupId>io.grpc</groupId>
      <artifactId>grpc-testing</artifactId>
      <version>1.75.0</version>
      <scope>test</scope>
      <exclusions>
        <exclusion>
          <artifactId>grpc-inprocess</artifactId>
          <groupId>io.grpc</groupId>
        </exclusion>
      </exclusions>
    </dependency>
    <dependency>
      <groupId>junit</groupId>
      <artifactId>junit</artifactId>
      <version>4.13.2</version>
      <scope>test</scope>
      <exclusions>
        <exclusion>
          <artifactId>hamcrest-core</artifactId>
          <groupId>org.hamcrest</groupId>
        </exclusion>
      </exclusions>
    </dependency>
    <dependency>
      <groupId>org.mockito</groupId>
      <artifactId>mockito-core</artifactId>
      <version>3.4.0</version>
      <scope>test</scope>
      <exclusions>
        <exclusion>
          <artifactId>byte-buddy</artifactId>
          <groupId>net.bytebuddy</groupId>
        </exclusion>
        <exclusion>
          <artifactId>byte-buddy-agent</artifactId>
          <groupId>net.bytebuddy</groupId>
        </exclusion>
        <exclusion>
          <artifactId>objenesis</artifactId>
          <groupId>org.objenesis</groupId>
        </exclusion>
      </exclusions>
    </dependency>
  </dependencies>
  <dependencyManagement>
    <dependencies>
      <dependency>
        <groupId>io.grpc</groupId>
        <artifactId>grpc-bom</artifactId>
        <version>${grpc.version}</version>
        <type>pom</type>
        <scope>import</scope>
      </dependency>
    </dependencies>
  </dependencyManagement>
  <properties>
    <server.name>dht</server.name>
    <server.port.http>8080</server.port.http>
    <protobuf.version>3.25.8</protobuf.version>
    <project.build.sourceEncoding>UTF-8</project.build.sourceEncoding>
    <server.external-dns>localhost</server.external-dns>
    <grpc.version>1.75.0</grpc.version>
    <maven.compiler.source>21</maven.compiler.source>
    <protoc.version>3.25.8</protoc.version>
    <server.testdir>${server.home}/tmp/cs549/dht-test</server.testdir>
    <maven.compiler.target>21</maven.compiler.target>
    <server.home>${user.home}</server.home>
    <server.dist>${server.testdir}</server.dist>
  </properties>
</project>
